{"423": {"1": {"X": [[0.0], [0.06666666666666667], [0.2]], "y": [0.993318, 0.993318, 0.992205]}, "2": {"X": [[0.0], [0.06666666666666667], [0.2], [0.4666666666666667], [1.0]], "y": [0.893096, 0.898664, 0.898664, 0.898664, 0.898664]}, "3": {"X": [[0.0], [0.06666666666666667], [0.2], [0.4666666666666667], [1.0]], "y": [0.967459, 0.972778, 0.975907, 0.976846, 0.976533]}, "4": {"X": [[0.0], [0.06666666666666667], [0.2], [0.4666666666666667]], "y": [0.894737, 0.894737, 0.877193, 0.894737]}, "5": {"X": [[0.0], [0.06666666666666667], [0.2]], "y": [0.690265, 0.683628, 0.688053]}, "7": {"X": [[0.0], [0.06666666666666667], [0.2]], "y": [0.80531, 0.792035, 0.792035]}, "9": {"X": [[0.0], [0.06666666666666667], [0.2], [0.4666666666666667], [1.0]], "y": [0.731707, 0.741463, 0.731707, 0.741463, 0.736585]}, "10": {"X": [[0.0], [0.06666666666666667], [0.2], [0.4666666666666667]], "y": [0.851351, 0.844595, 0.831081, 0.844595]}, "11": {"X": [[0.0], [0.06666666666666667], [0.2], [0.4666666666666667], [1.0]], "y": [0.8832, 0.8832, 0.8832, 0.8832, 0.8832]}, "12": {"X": [[0.0], [0.06666666666666667], [0.2]], "y": [0.9755, 0.974, 0.977]}, "13": {"X": [[0.0], [0.06666666666666667], [0.2], [0.4666666666666667], [1.0]], "y": [0.692308, 0.692308, 0.692308, 0.692308, 0.692308]}, "14": {"X": [[0.0], [0.06666666666666667], [0.2], [0.4666666666666667], [1.0]], "y": [0.834, 0.8255, 0.82, 0.8165, 0.8165]}, "15": {"X": [[0.0], [0.06666666666666667], [0.2], [0.4666666666666667], [1.0]], "y": [0.965665, 0.965665, 0.965665, 0.965665, 0.965665]}, "16": {"X": [[0.0], [0.06666666666666667], [0.2]], "y": [0.953, 0.9545, 0.952]}, "18": {"X": [[0.0], [0.06666666666666667], [0.2], [0.4666666666666667], [1.0]], "y": [0.709, 0.709, 0.709, 0.709, 0.709]}, "20": {"X": [[0.0], [0.06666666666666667], [0.2], [0.4666666666666667], [1.0]], "y": [0.977, 0.977, 0.977, 0.977, 0.977]}, "21": {"X": [[0.0], [0.06666666666666667], [0.2], [0.4666666666666667], [1.0]], "y": [0.943287, 0.944444, 0.943866, 0.943866, 0.943866]}, "22": {"X": [[0.0], [0.06666666666666667], [0.2], [0.4666666666666667], [1.0]], "y": [0.8245, 0.824, 0.824, 0.824, 0.824]}, "23": {"X": [[0.0], [0.06666666666666667], [0.2], [0.4666666666666667], [1.0]], "y": [0.489477, 0.489477, 0.489477, 0.489477, 0.489477]}, "24": {"X": [[0.0], [0.06666666666666667], [0.2], [0.4666666666666667], [1.0]], "y": [1.0, 1.0, 1.0, 1.0, 1.0]}, "27": {"X": [[0.0], [0.06666666666666667], [0.2], [0.4666666666666667], [1.0]], "y": [0.790761, 0.796196, 0.80163, 0.80163, 0.80163]}, "28": {"X": [[0.0], [0.06666666666666667], [0.2], [0.4666666666666667], [1.0]], "y": [0.980427, 0.980071, 0.979181, 0.97847, 0.97847]}, "29": {"X": [[0.0], [0.0], [0.06666666666666667], [0.06666666666666667], [0.2], [0.2], [0.4666666666666667], [0.4666666666666667], [1.0], [1.0]], "y": [0.83913, 0.83913, 0.844928, 0.844928, 0.844928, 0.844928, 0.844928, 0.844928, 0.844928, 0.844928]}, "30": {"X": [[0.0], [0.06666666666666667], [0.2], [0.4666666666666667], [1.0]], "y": [0.928558, 0.928558, 0.928558, 0.928558, 0.928558]}, "34": {"X": [[0.0], [0.06666666666666667], [0.2], [0.4666666666666667], [1.0]], "y": [0.677778, 0.677778, 0.677778, 0.677778, 0.677778]}, "35": {"X": [[0.0], [0.06666666666666667], [0.2], [0.4666666666666667], [1.0]], "y": [0.956284, 0.956284, 0.956284, 0.956284, 0.956284]}, "36": {"X": [[0.0], [0.06666666666666667], [0.2], [0.4666666666666667], [1.0]], "y": [0.92987, 0.92987, 0.92987, 0.92987, 0.92987]}, "37": {"X": [[0.0], [0.06666666666666667], [0.2], [0.4666666666666667], [1.0]], "y": [0.768229, 0.768229, 0.768229, 0.768229, 0.768229]}, "38": {"X": [[0.0], [0.06666666666666667], [0.2], [0.4666666666666667], [1.0]], "y": [0.857143, 0.857143, 0.857143, 0.857143, 0.857143]}, "39": {"X": [[0.0], [0.06666666666666667], [0.2], [0.4666666666666667], [1.0]], "y": [0.769231, 0.778846, 0.774038, 0.769231, 0.764423]}, "40": {"X": [[0.0], [0.06666666666666667], [0.2], [0.4666666666666667], [1.0]], "y": [0.588785, 0.588785, 0.588785, 0.588785, 0.588785]}, "41": {"X": [[0.0], [0.06666666666666667], [0.2], [0.4666666666666667]], "y": [0.926794, 0.926794, 0.926794, 0.925329]}, "42": {"X": [[0.0], [0.06666666666666667], [0.2], [0.4666666666666667], [1.0]], "y": [0.72549, 0.72549, 0.72549, 0.72549, 0.72549]}, "43": {"X": [[0.0], [0.06666666666666667], [0.2], [0.4666666666666667], [1.0]], "y": [0.906325, 0.906325, 0.906542, 0.906759, 0.906542]}, "47": {"X": [[0.0], [0.06666666666666667], [0.2], [0.4666666666666667], [1.0]], "y": [0.536424, 0.536424, 0.536424, 0.536424, 0.536424]}, "48": {"X": [[0.0], [0.06666666666666667], [0.2], [0.4666666666666667], [1.0]], "y": [0.841584, 0.838284, 0.838284, 0.838284, 0.838284]}, "49": {"X": [[0.0], [0.06666666666666667], [0.2], [0.4666666666666667], [1.0]], "y": [0.981211, 0.980167, 0.981211, 0.981211, 0.981211]}, "50": {"X": [[0.0], [0.06666666666666667], [0.2], [0.4666666666666667], [1.0]], "y": [0.843537, 0.843537, 0.843537, 0.843537, 0.843537]}, "51": {"X": [[0.0], [0.06666666666666667], [0.2], [0.4666666666666667], [1.0]], "y": [0.7, 0.7, 0.7, 0.7, 0.7]}, "52": {"X": [[0.0], [0.06666666666666667], [0.2], [0.4666666666666667], [1.0]], "y": [0.82963, 0.82963, 0.82963, 0.82963, 0.82963]}, "53": {"X": [[0.0], [0.06666666666666667], [0.2], [0.4666666666666667], [1.0]], "y": [0.742317, 0.742317, 0.742317, 0.742317, 0.742317]}, "54": {"X": [[0.0], [0.06666666666666667], [0.2], [0.4666666666666667], [1.0]], "y": [0.845161, 0.845161, 0.845161, 0.845161, 0.845161]}, "55": {"X": [[0.0], [0.06666666666666667], [0.2], [0.4666666666666667], [1.0]], "y": [0.954023, 0.956322, 0.956322, 0.958621, 0.956322]}, "57": {"X": [[0.0], [0.06666666666666667], [0.2], [0.4666666666666667], [1.0]], "y": [0.88604, 0.880342, 0.877493, 0.877493, 0.877493]}, "58": {"X": [[0.0], [0.06666666666666667], [0.2], [0.4666666666666667], [1.0]], "y": [0.8644, 0.8644, 0.8644, 0.8644, 0.8644]}, "59": {"X": [[0.0], [0.0], [0.06666666666666667], [0.06666666666666667], [0.2], [0.2], [0.4666666666666667], [0.4666666666666667], [1.0], [1.0]], "y": [0.966667, 0.966667, 0.966667, 0.966667, 0.973333, 0.973333, 0.973333, 0.973333, 0.973333, 0.973333]}, "231": {"X": [[0.0], [0.06666666666666667], [0.2], [0.4666666666666667]], "y": [0.996622, 0.996622, 0.996622, 0.996622]}, "232": {"X": [[0.0], [0.06666666666666667], [0.2], [0.4666666666666667], [1.0]], "y": [0.908784, 0.908784, 0.908784, 0.908784, 0.908784]}, "233": {"X": [[0.0], [0.06666666666666667], [0.2], [0.4666666666666667], [1.0]], "y": [0.954459, 0.968691, 0.969639, 0.969639, 0.969639]}, "234": {"X": [[0.0], [0.06666666666666667], [0.2], [0.4666666666666667], [1.0]], "y": [0.833333, 0.833333, 0.833333, 0.833333, 0.833333]}, "235": {"X": [[0.0], [0.06666666666666667], [0.2]], "y": [0.657718, 0.644295, 0.644295]}, "237": {"X": [[0.0], [0.06666666666666667], [0.2], [0.4666666666666667], [1.0]], "y": [0.72973, 0.72973, 0.72973, 0.72973, 0.72973]}, "239": {"X": [[0.0], [0.06666666666666667], [0.2], [0.4666666666666667]], "y": [0.641791, 0.61194, 0.656716, 0.671642]}, "240": {"X": [[0.0], [0.06666666666666667], [0.2], [0.4666666666666667], [1.0]], "y": [0.875, 0.854167, 0.875, 0.895833, 0.895833]}, "241": {"X": [[0.0], [0.06666666666666667], [0.2], [0.4666666666666667], [1.0]], "y": [0.839806, 0.839806, 0.839806, 0.839806, 0.839806]}, "242": {"X": [[0.0], [0.06666666666666667], [0.2]], "y": [0.980303, 0.977273, 0.980303]}, "243": {"X": [[0.0], [0.06666666666666667], [0.2], [0.4666666666666667], [1.0]], "y": [0.617021, 0.617021, 0.617021, 0.617021, 0.617021]}, "244": {"X": [[0.0], [0.06666666666666667], [0.2], [0.4666666666666667], [1.0]], "y": [0.833333, 0.824242, 0.824242, 0.821212, 0.821212]}, "245": {"X": [[0.0], [0.06666666666666667], [0.2], [0.4666666666666667], [1.0]], "y": [0.956522, 0.956522, 0.956522, 0.956522, 0.956522]}, "246": {"X": [[0.0], [0.06666666666666667], [0.2]], "y": [0.960606, 0.960606, 0.94697]}, "248": {"X": [[0.0], [0.06666666666666667], [0.2], [0.4666666666666667], [1.0]],